{"stats":{"minecraft:used":{"epicfight:skillbook":12,"knightquest:cleaver_heavy_axe":19,"iceandfire:dragon_skull_ice":1,"ring_of_teleport:ring_of_teleport":4,"minecraft:cooked_porkchop":2,"farmersdelight:fruit_salad":4,"travelersbackpack:enderman":1},"minecraft:crafted":{"iceandfire:dragonbone_bow":1,"iceandfire:armor_green_leggings":1,"born_in_chaos_v1:bone_handle":1,"minecraft:diamond_axe":1,"iceandfire:armor_green_helmet":1,"knightquest:cleaver_heavy_axe":1,"born_in_chaos_v1:spiritual_sword":1,"iceandfire:armor_green_chestplate":1,"iceandfire:armor_green_boots":1},"minecraft:mined":{"minecraft:fire":1,"minecraft:dead_bush":1},"minecraft:killed":{"born_in_chaos_v1:spirit_guide":1,"minecraft:husk":1,"born_in_chaos_v1:spirit_guide_assistant":2,"minecraft:player":1},"minecraft:picked_up":{"minecraft:stick":1,"iceandfire:dragonbone":33,"epicfight:skillbook":1,"iceandfire:dragon_skull_ice":2,"born_in_chaos_v1:marigolds":4,"minecraft:bone":2},"minecraft:dropped":{"minecraft:cooked_porkchop":4,"ring_of_teleport:ring_of_teleport":3,"epicfight:skillbook":1},"minecraft:custom":{"minecraft:time_since_rest":44655,"minecraft:sprint_one_cm":169260,"minecraft:damage_taken":103,"minecraft:walk_one_cm":191476,"minecraft:interact_with_anvil":7,"minecraft:mob_kills":4,"minecraft:drop":8,"minecraft:damage_dealt":1096,"minecraft:damage_dealt_absorbed":72,"minecraft:swim_one_cm":25569,"minecraft:interact_with_crafting_table":4,"minecraft:player_kills":1,"minecraft:fly_one_cm":10526,"minecraft:open_barrel":97,"minecraft:open_chest":49,"minecraft:crouch_one_cm":131,"minecraft:play_time":44655,"minecraft:sneak_time":272,"minecraft:walk_under_water_one_cm":13167,"minecraft:jump":93,"minecraft:damage_dealt_resisted":202,"minecraft:interact_with_blast_furnace":1,"minecraft:walk_on_water_one_cm":3423,"minecraft:time_since_death":44655,"minecraft:enchant_item":2,"minecraft:total_world_time":44655,"minecraft:climb_one_cm":2916,"minecraft:fall_one_cm":4607}},"DataVersion":3465}