{"stats":{"minecraft:used":{"born_in_chaos_v1:trident_hayfork":7,"born_in_chaos_v1:spiritual_sword":26,"epicfight:skillbook":22,"knightquest:cleaver_heavy_axe":19,"iceandfire:dragonbone_bow":4,"iceandfire:dragon_skull_ice":1,"ring_of_teleport:ring_of_teleport":5,"minecraft:written_book":3,"minecraft:cooked_porkchop":5,"farmersdelight:fruit_salad":4,"travelersbackpack:enderman":1},"minecraft:crafted":{"iceandfire:dragonbone_bow":1,"iceandfire:armor_green_leggings":1,"born_in_chaos_v1:bone_handle":1,"minecraft:diamond_axe":1,"iceandfire:armor_green_helmet":1,"knightquest:cleaver_heavy_axe":1,"born_in_chaos_v1:spiritual_sword":1,"iceandfire:armor_green_chestplate":1,"iceandfire:armor_green_boots":1},"minecraft:mined":{"minecraft:fire":1,"minecraft:dead_bush":1},"minecraft:killed":{"born_in_chaos_v1:spirit_guide":1,"minecraft:husk":1,"minecraft:zombie":2,"born_in_chaos_v1:zombie_lumberjack":1,"bloodandmadness:cloaked_beast_patient":2,"born_in_chaos_v1:spirit_guide_assistant":2,"minecraft:spider":1,"alexsmobs:fly":1,"minecraft:player":1},"minecraft:picked_up":{"minecraft:stick":1,"iceandfire:dragonbone":33,"minecraft:jungle_log":1,"minecraft:acacia_log":2,"epicfight:skillbook":1,"born_in_chaos_v1:pieceofdarkmetal":1,"minecraft:spider_eye":1,"minecraft:string":1,"iceandfire:dragon_skull_ice":2,"soul_like_armors_reworked:estusflask":2,"born_in_chaos_v1:marigolds":4,"minecraft:bone":2,"minecraft:rotten_flesh":6,"bloodandmadness:blood_vial":2,"minecraft:iron_ingot":1},"minecraft:dropped":{"minecraft:cooked_porkchop":4,"ring_of_teleport:ring_of_teleport":3,"epicfight:skillbook":1},"minecraft:custom":{"minecraft:time_since_rest":56655,"minecraft:interact_with_furnace":1,"minecraft:sprint_one_cm":268813,"minecraft:damage_taken":290,"minecraft:walk_one_cm":242778,"minecraft:interact_with_anvil":8,"minecraft:mob_kills":12,"minecraft:drop":8,"minecraft:damage_dealt":2602,"minecraft:damage_dealt_absorbed":102,"minecraft:swim_one_cm":30753,"minecraft:interact_with_crafting_table":4,"minecraft:player_kills":1,"minecraft:fly_one_cm":35740,"minecraft:open_barrel":105,"minecraft:open_chest":70,"minecraft:crouch_one_cm":139,"minecraft:play_time":56655,"minecraft:sneak_time":307,"minecraft:walk_under_water_one_cm":20258,"minecraft:jump":152,"minecraft:damage_dealt_resisted":202,"minecraft:interact_with_blast_furnace":1,"minecraft:walk_on_water_one_cm":21591,"minecraft:time_since_death":56655,"minecraft:enchant_item":2,"minecraft:total_world_time":56655,"minecraft:climb_one_cm":4552,"minecraft:fall_one_cm":5981}},"DataVersion":3465}