{"stats":{"minecraft:used":{"born_in_chaos_v1:trident_hayfork":7,"epicfight:skillbook":22,"iceandfire:dragon_skull_ice":1,"ring_of_teleport:ring_of_teleport":5,"minecraft:mossy_cobblestone":4,"born_in_chaos_v1:spiritual_sword":26,"minecraft:diamond_pickaxe":67,"knightquest:cleaver_heavy_axe":19,"iceandfire:dragonbone_bow":32,"minecraft:grass_block":1,"epicfight:diamond_greatsword":6,"minecraft:written_book":3,"minecraft:cooked_porkchop":6,"farmersdelight:fruit_salad":4,"travelersbackpack:enderman":1},"minecraft:crafted":{"iceandfire:armor_green_leggings":1,"minecraft:diamond_axe":1,"born_in_chaos_v1:spiritual_sword":1,"iceandfire:armor_green_chestplate":1,"iceandfire:dragonbone_bow":1,"born_in_chaos_v1:bone_handle":1,"iceandfire:armor_green_helmet":1,"knightquest:cleaver_heavy_axe":1,"iceandfire:armor_green_boots":1},"minecraft:mined":{"minecraft:mossy_cobblestone":4,"projectvibrantjourneys:rocks":1,"minecraft:cave_vines_plant":1,"minecraft:dead_bush":1,"minecraft:cobblestone":1,"minecraft:spawner":2,"minecraft:hay_block":16,"minecraft:coarse_dirt":1,"minecraft:fire":1,"minecraft:smooth_stone_slab":2,"minecraft:cave_vines":2,"minecraft:cobblestone_slab":1,"minecraft:cracked_stone_bricks":5,"minecraft:mossy_stone_bricks":1,"minecraft:stone_bricks":28,"minecraft:stone":5},"minecraft:killed":{"born_in_chaos_v1:spirit_guide":1,"minecraft:husk":1,"born_in_chaos_v1:zombie_lumberjack":1,"born_in_chaos_v1:skeleton_demoman":1,"bloodandmadness:cloaked_beast_patient":2,"born_in_chaos_v1:spirit_guide_assistant":2,"minecraft:spider":1,"born_in_chaos_v1:maggot":1,"minecraft:skeleton":1,"minecraft:zombie":14,"born_in_chaos_v1:dread_hound":3,"bloodandmadness:beast_patient":2,"alexsmobs:fly":1,"minecraft:player":1},"minecraft:picked_up":{"minecraft:coarse_dirt":1,"born_in_chaos_v1:monster_flesh":2,"minecraft:leather_leggings":1,"minecraft:jungle_log":1,"soul_like_armors_reworked:darkknightsword":1,"minecraft:gunpowder":1,"minecraft:string":1,"minecraft:smooth_stone_slab":1,"born_in_chaos_v1:monster_skin":2,"born_in_chaos_v1:marigolds":4,"minecraft:bone":4,"soul_like_armors_reworked:rustyshield":1,"minecraft:stone_bricks":23,"bloodandmadness:blood_vial":4,"minecraft:cracked_stone_bricks":1,"minecraft:iron_ingot":1,"born_in_chaos_v1:gnawed_bones":1,"minecraft:cobblestone_slab":2,"minecraft:stick":1,"iceandfire:dragonbone":33,"minecraft:acacia_log":2,"epicfight:skillbook":1,"born_in_chaos_v1:pieceofdarkmetal":1,"bloodandmadness:beastblood_clump":1,"soul_like_armors_reworked:rustysteelmace":1,"minecraft:spider_eye":1,"minecraft:golden_chestplate":2,"minecraft:mossy_cobblestone":4,"iceandfire:dragon_skull_ice":2,"soul_like_armors_reworked:estusflask":6,"minecraft:rotten_flesh":6,"minecraft:hay_block":16,"knightquest:small_essence":4,"minecraft:cobblestone":2},"minecraft:dropped":{"minecraft:cooked_porkchop":4,"ring_of_teleport:ring_of_teleport":3,"epicfight:skillbook":1},"minecraft:custom":{"minecraft:interact_with_furnace":3,"minecraft:mob_kills":32,"minecraft:interact_with_anvil":8,"minecraft:interact_with_crafting_table":4,"minecraft:open_barrel":105,"minecraft:damage_dealt_resisted":202,"minecraft:time_since_death":68655,"minecraft:climb_one_cm":6058,"minecraft:time_since_rest":68655,"minecraft:sprint_one_cm":286820,"minecraft:damage_taken":325,"minecraft:walk_one_cm":306220,"minecraft:drop":8,"minecraft:damage_dealt":2872,"minecraft:damage_dealt_absorbed":102,"minecraft:swim_one_cm":79726,"minecraft:fly_one_cm":37867,"minecraft:player_kills":1,"minecraft:open_chest":92,"minecraft:crouch_one_cm":139,"minecraft:play_time":68655,"minecraft:sneak_time":307,"minecraft:walk_under_water_one_cm":36531,"minecraft:jump":177,"minecraft:interact_with_blast_furnace":1,"minecraft:walk_on_water_one_cm":53981,"minecraft:enchant_item":2,"minecraft:total_world_time":68655,"minecraft:interact_with_smoker":1,"minecraft:fall_one_cm":5981}},"DataVersion":3465}