{"stats":{"minecraft:used":{"born_in_chaos_v1:trident_hayfork":7,"minecraft:cooked_mutton":1,"epicfight:skillbook":23,"iceandfire:dragon_skull_ice":1,"soul_like_armors_reworked:estusflask":7,"ring_of_teleport:ring_of_teleport":5,"minecraft:mossy_cobblestone":4,"born_in_chaos_v1:spiritual_sword":26,"minecraft:diamond_pickaxe":125,"knightquest:cleaver_heavy_axe":19,"iceandfire:dragonbone_bow":68,"minecraft:grass_block":1,"epicfight:diamond_greatsword":6,"minecraft:written_book":3,"minecraft:cooked_porkchop":8,"farmersdelight:fruit_salad":4,"travelersbackpack:enderman":1},"minecraft:crafted":{"iceandfire:armor_green_leggings":1,"minecraft:diamond_axe":1,"born_in_chaos_v1:spiritual_sword":1,"iceandfire:armor_green_chestplate":1,"iceandfire:dragonbone_bow":1,"born_in_chaos_v1:bone_handle":1,"iceandfire:armor_green_helmet":1,"knightquest:cleaver_heavy_axe":1,"minecraft:torch":8,"iceandfire:armor_green_boots":1},"minecraft:mined":{"minecraft:mossy_cobblestone":4,"minecraft:brown_carpet":1,"projectvibrantjourneys:rocks":1,"born_in_chaos_v1:infected_diamond_ore":1,"minecraft:cave_vines_plant":1,"minecraft:dead_bush":1,"minecraft:cobblestone":1,"minecraft:dried_kelp_block":30,"minecraft:wall_torch":1,"minecraft:spawner":6,"minecraft:hay_block":16,"minecraft:coarse_dirt":2,"ecologics:seashell":1,"minecraft:barrel":1,"minecraft:fire":1,"minecraft:smooth_stone_slab":2,"projectvibrantjourneys:short_grass":1,"minecraft:deepslate_iron_ore":2,"minecraft:cave_vines":2,"minecraft:cobblestone_slab":1,"minecraft:gravel":1,"minecraft:cracked_stone_bricks":8,"minecraft:mossy_stone_bricks":8,"minecraft:stone_bricks":36,"minecraft:stone":24,"minecraft:deepslate":1,"epicsamurai:ruby_ore":6},"minecraft:killed":{"born_in_chaos_v1:spirit_guide":1,"minecraft:husk":1,"born_in_chaos_v1:diamond_termite":1,"born_in_chaos_v1:zombie_lumberjack":1,"born_in_chaos_v1:skeleton_demoman":1,"bloodandmadness:cloaked_beast_patient":2,"born_in_chaos_v1:spirit_guide_assistant":2,"minecraft:spider":1,"minecraft:hoglin":2,"born_in_chaos_v1:maggot":1,"minecraft:skeleton":1,"minecraft:pillager":2,"cataclysm:deepling_brute":1,"minecraft:zombie":21,"born_in_chaos_v1:dread_hound":3,"bloodandmadness:beast_patient":2,"bloodandmadness:huntsman_axe":1,"alexsmobs:fly":1,"minecraft:player":1,"iceandfire:sea_serpent":2},"minecraft:picked_up":{"minecraft:pink_petals":7,"minecraft:coarse_dirt":2,"minecraft:allium":5,"iceandfire:sea_serpent_fang":6,"born_in_chaos_v1:monster_flesh":2,"minecraft:leather_leggings":1,"minecraft:jungle_log":1,"minecraft:lead":1,"ecologics:seashell":1,"soul_like_armors_reworked:darkknightsword":1,"minecraft:gunpowder":1,"iceandfire:sea_serpent_scales_blue":13,"minecraft:lapis_lazuli":1,"minecraft:string":2,"minecraft:smooth_stone_slab":1,"born_in_chaos_v1:monster_skin":2,"born_in_chaos_v1:marigolds":4,"minecraft:bone":6,"soul_like_armors_reworked:rustyshield":1,"minecraft:stone_bricks":28,"bloodandmadness:blood_vial":4,"minecraft:cracked_stone_bricks":2,"minecraft:wheat_seeds":5,"minecraft:iron_ingot":1,"minecraft:white_tulip":1,"born_in_chaos_v1:gnawed_bones":1,"minecraft:cobblestone_slab":2,"bloodandmadness:weapons/lit_torch":1,"minecraft:stick":11,"iceandfire:dragonbone":33,"minecraft:torch":1,"minecraft:acacia_log":2,"minecraft:porkchop":7,"minecraft:poisonous_potato":1,"epicfight:skillbook":2,"minecraft:ink_sac":1,"minecraft:barrel":1,"born_in_chaos_v1:pieceofdarkmetal":1,"soul_like_armors_reworked:rustysteel_helmet":1,"bloodandmadness:beastblood_clump":1,"soul_like_armors_reworked:rustysteelmace":1,"minecraft:spider_eye":1,"minecraft:golden_chestplate":2,"minecraft:mossy_cobblestone":4,"iceandfire:dragon_skull_ice":2,"minecraft:diamond_chestplate":1,"iceandfire:sea_serpent_scales_purple":11,"soul_like_armors_reworked:estusflask":8,"minecraft:dried_kelp_block":29,"minecraft:rotten_flesh":9,"supplementaries:ash":1,"minecraft:hay_block":16,"projectvibrantjourneys:cattail":3,"knightquest:small_essence":7,"minecraft:cherry_sapling":13,"minecraft:pink_tulip":2,"epicsamurai:ruby":4,"minecraft:cod":1,"minecraft:cobblestone":7},"minecraft:dropped":{"minecraft:coarse_dirt":1,"minecraft:cooked_porkchop":4,"ring_of_teleport:ring_of_teleport":3,"epicfight:skillbook":1},"minecraft:custom":{"minecraft:interact_with_furnace":4,"minecraft:mob_kills":49,"minecraft:interact_with_anvil":8,"minecraft:interact_with_crafting_table":4,"minecraft:open_barrel":146,"minecraft:damage_dealt_resisted":202,"minecraft:time_since_death":92655,"minecraft:climb_one_cm":20162,"minecraft:time_since_rest":92655,"minecraft:sprint_one_cm":388196,"minecraft:damage_taken":731,"minecraft:walk_one_cm":410128,"minecraft:drop":9,"minecraft:damage_dealt":3012,"minecraft:damage_dealt_absorbed":102,"minecraft:swim_one_cm":259887,"minecraft:fly_one_cm":52802,"minecraft:player_kills":1,"minecraft:open_chest":95,"minecraft:crouch_one_cm":179,"minecraft:play_time":92655,"minecraft:sneak_time":377,"minecraft:walk_under_water_one_cm":75866,"minecraft:jump":244,"minecraft:interact_with_blast_furnace":1,"minecraft:walk_on_water_one_cm":85466,"minecraft:enchant_item":2,"minecraft:total_world_time":92655,"minecraft:interact_with_smoker":1,"minecraft:fall_one_cm":7849}},"DataVersion":3465}