{"stats":{"minecraft:used":{"ring_of_teleport:ring_of_teleport":3,"epicfight:skillbook":3,"knightquest:cleaver_heavy_axe":18,"iceandfire:dragon_skull_ice":1,"farmersdelight:fruit_salad":4,"travelersbackpack:enderman":1},"minecraft:crafted":{"knightquest:cleaver_heavy_axe":1,"iceandfire:armor_green_leggings":1,"iceandfire:armor_green_chestplate":1,"minecraft:diamond_axe":1,"iceandfire:armor_green_boots":1,"iceandfire:armor_green_helmet":1,"iceandfire:dragonbone_bow":1},"minecraft:mined":{"minecraft:dead_bush":1},"minecraft:killed":{"born_in_chaos_v1:spirit_guide":1,"minecraft:husk":1,"born_in_chaos_v1:spirit_guide_assistant":2},"minecraft:picked_up":{"iceandfire:dragon_skull_ice":2,"born_in_chaos_v1:marigolds":4,"iceandfire:dragonbone":33,"minecraft:bone":2,"minecraft:stick":1},"minecraft:dropped":{"ring_of_teleport:ring_of_teleport":3},"minecraft:custom":{"minecraft:open_barrel":84,"minecraft:time_since_rest":32655,"minecraft:open_chest":34,"minecraft:crouch_one_cm":131,"minecraft:play_time":32655,"minecraft:sprint_one_cm":142856,"minecraft:damage_taken":103,"minecraft:walk_one_cm":157318,"minecraft:sneak_time":180,"minecraft:mob_kills":4,"minecraft:walk_under_water_one_cm":13167,"minecraft:interact_with_anvil":7,"minecraft:drop":3,"minecraft:damage_dealt_resisted":202,"minecraft:jump":81,"minecraft:damage_dealt":823,"minecraft:interact_with_blast_furnace":1,"minecraft:time_since_death":32655,"minecraft:walk_on_water_one_cm":3423,"minecraft:climb_one_cm":44,"minecraft:total_world_time":32655,"minecraft:interact_with_crafting_table":4,"minecraft:swim_one_cm":25569,"minecraft:fall_one_cm":4607,"minecraft:fly_one_cm":10017}},"DataVersion":3465}