{"stats":{"minecraft:used":{"iceandfire:dragon_skull_ice":1},"minecraft:crafted":{"iceandfire:armor_green_leggings":1,"iceandfire:armor_green_chestplate":1,"iceandfire:armor_green_boots":1,"iceandfire:armor_green_helmet":1,"iceandfire:dragonbone_bow":1},"minecraft:picked_up":{"iceandfire:dragon_skull_ice":2,"iceandfire:dragonbone":33},"minecraft:custom":{"minecraft:open_barrel":16,"minecraft:time_since_rest":8655,"minecraft:open_chest":1,"minecraft:crouch_one_cm":131,"minecraft:play_time":8655,"minecraft:sprint_one_cm":12859,"minecraft:damage_taken":20,"minecraft:walk_one_cm":58998,"minecraft:sneak_time":113,"minecraft:walk_under_water_one_cm":13167,"minecraft:jump":67,"minecraft:time_since_death":8655,"minecraft:walk_on_water_one_cm":2537,"minecraft:total_world_time":8655,"minecraft:interact_with_crafting_table":3,"minecraft:swim_one_cm":25569,"minecraft:fall_one_cm":2030,"minecraft:fly_one_cm":8492}},"DataVersion":3465}