{"stats":{"minecraft:used":{"ring_of_teleport:ring_of_teleport":3,"epicfight:skillbook":2,"iceandfire:dragon_skull_ice":1,"farmersdelight:fruit_salad":2,"travelersbackpack:enderman":1},"minecraft:crafted":{"iceandfire:armor_green_leggings":1,"iceandfire:armor_green_chestplate":1,"iceandfire:armor_green_boots":1,"iceandfire:armor_green_helmet":1,"iceandfire:dragonbone_bow":1},"minecraft:picked_up":{"iceandfire:dragon_skull_ice":2,"iceandfire:dragonbone":33},"minecraft:dropped":{"ring_of_teleport:ring_of_teleport":3},"minecraft:custom":{"minecraft:open_barrel":31,"minecraft:time_since_rest":20655,"minecraft:open_chest":18,"minecraft:crouch_one_cm":131,"minecraft:play_time":20655,"minecraft:sprint_one_cm":28711,"minecraft:damage_taken":40,"minecraft:walk_one_cm":115361,"minecraft:sneak_time":180,"minecraft:walk_under_water_one_cm":13167,"minecraft:interact_with_anvil":5,"minecraft:drop":3,"minecraft:jump":71,"minecraft:interact_with_blast_furnace":1,"minecraft:time_since_death":20655,"minecraft:walk_on_water_one_cm":2537,"minecraft:climb_one_cm":44,"minecraft:total_world_time":20655,"minecraft:interact_with_crafting_table":3,"minecraft:swim_one_cm":25569,"minecraft:fall_one_cm":2700,"minecraft:fly_one_cm":8571}},"DataVersion":3465}