{"stats":{"minecraft:killed_by":{"minecraft:zombie":1},"minecraft:used":{"iceandfire:dragon_skull_ice":1,"soul_like_armors_reworked:estusflask":45,"ring_of_teleport:ring_of_teleport":5,"minecraft:torch":1,"minecraft:wooden_axe":2,"knightquest:cleaver_heavy_axe":19,"minecraft:grass_block":1,"epicfight:diamond_greatsword":61,"minecraft:written_book":3,"iceandfire:dragonbone_pickaxe":24,"travelersbackpack:enderman":2,"born_in_chaos_v1:trident_hayfork":7,"minecraft:cooked_mutton":1,"epicfight:skillbook":25,"minecraft:mossy_cobblestone":4,"born_in_chaos_v1:spiritual_sword":26,"minecraft:diamond_pickaxe":142,"iceandfire:dragonbone_bow":206,"minecraft:enchanted_book":1,"minecraft:cobblestone":3,"minecraft:cooked_porkchop":12,"farmersdelight:fruit_salad":4},"minecraft:crafted":{"iceandfire:armor_green_leggings":1,"born_in_chaos_v1:spiritual_sword":1,"born_in_chaos_v1:bone_handle":1,"iceandfire:armor_green_helmet":1,"knightquest:cleaver_heavy_axe":1,"minecraft:diamond_axe":1,"iceandfire:armor_green_chestplate":1,"iceandfire:dragonbone_bow":1,"minecraft:gold_ingot":113,"minecraft:torch":8,"iceandfire:armor_green_boots":1},"minecraft:killed":{"born_in_chaos_v1:zombie_lumberjack":1,"born_in_chaos_v1:skeleton_demoman":1,"bloodandmadness:cloaked_beast_patient":4,"alexsmobs:tiger":2,"minecraft:spider":2,"minecraft:vindicator":1,"born_in_chaos_v1:zombie_bruiser":1,"born_in_chaos_v1:maggot":5,"born_in_chaos_v1:scarlet_persecutor":4,"minecraft:skeleton":10,"bloodandmadness:beast_patient":6,"bloodandmadness:huntsman_axe":2,"born_in_chaos_v1:skeleton_thrasher":1,"born_in_chaos_v1:spirit_guide":1,"minecraft:husk":1,"farlanders:rebel":1,"born_in_chaos_v1:diamond_termite":1,"born_in_chaos_v1:spirit_guide_assistant":2,"minecraft:hoglin":3,"minecraft:creeper":2,"born_in_chaos_v1:decrepit_skeleton":3,"minecraft:pillager":8,"cataclysm:deepling_brute":1,"born_in_chaos_v1:decaying_zombie":1,"minecraft:zombie":48,"born_in_chaos_v1:dread_hound":5,"born_in_chaos_v1:corpse_fly":1,"born_in_chaos_v1:dark_vortex":1,"alexsmobs:fly":1,"born_in_chaos_v1:door_knight":1,"minecraft:player":1,"iceandfire:sea_serpent":2,"born_in_chaos_v1:siamese_skeletonsleft":1},"minecraft:mined":{"minecraft:spruce_planks":1,"minecraft:mossy_cobblestone":4,"projectvibrantjourneys:rocks":1,"born_in_chaos_v1:infected_diamond_ore":1,"minecraft:cave_vines_plant":1,"gravestone:gravestone":1,"minecraft:spawner":23,"minecraft:hay_block":16,"minecraft:sculk_catalyst":2,"minecraft:fire":1,"minecraft:barrel":1,"minecraft:bookshelf":2,"minecraft:cobblestone_slab":1,"minecraft:cave_vines":2,"minecraft:deepslate_iron_ore":2,"minecraft:stone":25,"minecraft:red_wool":2,"supplementaries:book_pile":1,"minecraft:brown_carpet":1,"minecraft:dead_bush":1,"minecraft:sculk_sensor":1,"minecraft:cobblestone":2,"minecraft:dried_kelp_block":30,"minecraft:sculk":10,"minecraft:iron_door":1,"minecraft:wall_torch":2,"minecraft:coarse_dirt":2,"ecologics:seashell":1,"minecraft:blue_ice":1,"minecraft:smooth_stone_slab":2,"projectvibrantjourneys:short_grass":1,"minecraft:gravel":1,"minecraft:cyan_carpet":2,"minecraft:cracked_stone_bricks":8,"minecraft:stone_bricks":36,"minecraft:mossy_stone_bricks":8,"pots_and_mimics:treasure_pot":3,"minecraft:deepslate":1,"epicsamurai:ruby_ore":6},"minecraft:picked_up":{"minecraft:coarse_dirt":2,"minecraft:allium":5,"minecraft:leather_leggings":1,"minecraft:lead":1,"ecologics:seashell":1,"minecraft:enchanted_book":1,"soul_like_armors_reworked:darkknightsword":1,"minecraft:shield":1,"iceandfire:sea_serpent_scales_blue":13,"minecraft:string":2,"minecraft:raw_copper":3,"minecraft:smooth_stone_slab":1,"minecraft:item_frame":1,"minecraft:cyan_carpet":2,"bloodandmadness:blood_vial":7,"minecraft:cracked_stone_bricks":2,"travelersbackpack:enderman":1,"minecraft:spruce_planks":1,"minecraft:white_tulip":1,"minecraft:cobblestone_slab":2,"born_in_chaos_v1:gnawed_bones":2,"bloodandmadness:weapons/lit_torch":1,"minecraft:stick":11,"iceandfire:dragonbone":33,"born_in_chaos_v1:shattered_skull":1,"minecraft:torch":2,"minecraft:acacia_log":2,"epicfight:skillbook":4,"minecraft:porkchop":9,"born_in_chaos_v1:pieceofdarkmetal":1,"soul_like_armors_reworked:rustysteel_helmet":1,"minecraft:golden_chestplate":2,"bloodandmadness:beastblood_clump":2,"iceandfire:dragon_skull_ice":2,"soul_like_armors_reworked:estusflask":24,"minecraft:rotten_flesh":11,"iceandfire:sea_serpent_scales_purple":11,"minecraft:diamond_chestplate":1,"minecraft:hay_block":16,"bloodandmadness:sanguisteel_nugget":1,"minecraft:pink_tulip":2,"projectvibrantjourneys:cattail":3,"supplementaries:ash":1,"minecraft:cod":1,"minecraft:cobblestone":9,"born_in_chaos_v1:fused_bone":1,"minecraft:pink_petals":7,"born_in_chaos_v1:corpse_maggot":1,"minecraft:clock":1,"minecraft:feather":5,"iceandfire:sea_serpent_fang":6,"born_in_chaos_v1:monster_flesh":2,"minecraft:iron_door":1,"minecraft:jungle_log":1,"minecraft:music_disc_stal":1,"minecraft:gunpowder":2,"minecraft:lapis_lazuli":1,"born_in_chaos_v1:monster_skin":3,"born_in_chaos_v1:marigolds":4,"soul_like_armors_reworked:rustyshield":1,"minecraft:bone":21,"minecraft:stone_bricks":28,"minecraft:wheat_seeds":5,"minecraft:iron_ingot":1,"born_in_chaos_v1:ethereal_spirit":5,"minecraft:poisonous_potato":1,"born_in_chaos_v1:dark_rod":4,"minecraft:ink_sac":1,"minecraft:mossy_cobblestone":4,"soul_like_armors_reworked:rustysteelmace":1,"minecraft:spider_eye":1,"minecraft:barrel":1,"minecraft:dried_kelp_block":29,"knightquest:small_essence":11,"minecraft:cherry_sapling":13,"minecraft:coal":2,"epicsamurai:ruby":4,"minecraft:ender_pearl":1},"minecraft:dropped":{"minecraft:cooked_porkchop":4,"ring_of_teleport:ring_of_teleport":3,"minecraft:coarse_dirt":1,"epicfight:skillbook":1},"minecraft:custom":{"minecraft:interact_with_anvil":9,"minecraft:mob_kills":128,"minecraft:interact_with_crafting_table":4,"minecraft:open_barrel":304,"minecraft:damage_dealt_resisted":2959,"minecraft:time_since_death":42265,"minecraft:climb_one_cm":20162,"minecraft:sprint_one_cm":810440,"minecraft:walk_one_cm":724783,"minecraft:drop":9,"minecraft:damage_dealt_absorbed":147,"minecraft:play_time":152655,"minecraft:deaths":1,"minecraft:sneak_time":416,"minecraft:walk_under_water_one_cm":78873,"minecraft:jump":413,"minecraft:interact_with_blast_furnace":1,"minecraft:walk_on_water_one_cm":86631,"minecraft:total_world_time":152655,"minecraft:enchant_item":2,"minecraft:interact_with_furnace":5,"minecraft:sleep_in_bed":2,"minecraft:time_since_rest":9086,"minecraft:damage_taken":2070,"minecraft:damage_dealt":4889,"minecraft:fly_one_cm":98807,"minecraft:swim_one_cm":263005,"minecraft:player_kills":1,"minecraft:open_chest":123,"minecraft:crouch_one_cm":231,"minecraft:interact_with_smoker":1,"minecraft:fall_one_cm":11681}},"DataVersion":3465}