{"stats":{"minecraft:used":{"cfm:spruce_upgraded_fence":4,"minecraft:water_bucket":43,"variantvanillablocks:acacia_barrel":1,"minecraft:cherry_door":1,"farlanders:nightfall_sword":1,"minecraft:spruce_slab":1,"minecraft:netherite_axe":7,"minecraft:jungle_log":7,"minecraft:ender_pearl":1,"minecraft:stone":112,"mcwdoors:birch_glass_door":2,"minecraft:sugar_cane":14,"minecraft:sand":69,"minecraft:dirt":511,"minecraft:mossy_cobblestone":33,"gamma_beasts:crasu_spawn_spawn_egg":4,"ancient_elements:galactrium_sword":1,"minecraft:cherry_log":11,"minecraft:soul_torch":30},"minecraft:killed":{"minecraft:skeleton":1,"bloodandmadness:huntsman_axe":1,"ancient_elements:aetherial_glaze":1,"farlanders:classic_enderman":1},"minecraft:picked_up":{"gamma_beasts:pear":45,"born_in_chaos_v1:corpse_maggot":2,"minecraft:stick":23,"minecraft:wheat":2,"minecraft:stone":1,"farmersdelight:rice":7,"ecologics:prickly_pear":2,"farmersdelight:rotten_tomato":1,"projectvibrantjourneys:fallen_leaves":7,"projectvibrantjourneys:bark_mushroom":3,"farmersdelight:rice_panicle":70,"minecraft:acacia_log":1,"minecraft:dandelion":15,"minecraft:red_mushroom":72,"minecraft:potato":3,"minecraft:stripped_cherry_log":1,"minecraft:oak_log":1,"minecraft:carrot":192,"minecraft:cornflower":11,"farmersdelight:tomato":41,"minecraft:moss_carpet":2,"minecraft:beetroot":2,"minecraft:bone":2,"minecraft:honey_bottle":16,"minecraft:rotten_flesh":1,"minecraft:apple":14,"bloodandmadness:blood_vial":2,"minecraft:wheat_seeds":10,"farmersdelight:onion":214,"farmersdelight:cabbage":122,"minecraft:hay_block":2,"minecraft:iron_ingot":2,"projectvibrantjourneys:cattail":1,"minecraft:white_tulip":12,"bloodandmadness:sanguisteel_nugget":1,"iceandfire:myrmex_desert_resin":20,"minecraft:golden_apple":9,"minecraft:written_book":1,"minecraft:azalea":19,"minecraft:poppy":2,"supplementaries:ash":1,"minecraft:baked_potato":61,"projectvibrantjourneys:orange_bark_mushroom":3,"minecraft:sugar_cane":92,"minecraft:flowering_azalea":8,"minecraft:ender_pearl":1,"minecraft:egg":3},"minecraft:custom":{"minecraft:time_since_rest":165797,"minecraft:sprint_one_cm":94557,"minecraft:damage_taken":160,"minecraft:walk_one_cm":721073,"minecraft:mob_kills":4,"minecraft:drop":3,"minecraft:damage_dealt":657,"minecraft:fly_one_cm":1830702,"minecraft:open_barrel":4,"minecraft:open_chest":11,"minecraft:crouch_one_cm":13103,"minecraft:play_time":165797,"minecraft:sneak_time":2673,"minecraft:walk_under_water_one_cm":33444,"minecraft:jump":370,"minecraft:leave_game":4,"minecraft:time_since_death":165797,"minecraft:walk_on_water_one_cm":43687,"minecraft:total_world_time":220993,"minecraft:climb_one_cm":3305,"minecraft:fall_one_cm":1636},"minecraft:dropped":{"minecraft:iron_ingot":1,"minecraft:stone":1,"minecraft:bone":1}},"DataVersion":3465}