{"stats":{"minecraft:killed_by":{"ancient_elements:aetherial_glaze":1,"minecraft:player":1},"minecraft:used":{"variantvanillablocks:acacia_barrel":1,"epicfight:skillbook":1,"minecraft:water_bucket":43,"minecraft:spruce_slab":1,"minecraft:diamond_hoe":10,"minecraft:ender_pearl":1,"minecraft:stone":112,"mcwdoors:birch_glass_door":2,"minecraft:sugar_cane":14,"minecraft:torch":1,"minecraft:mossy_cobblestone":33,"minecraft:sand":69,"minecraft:dirt":511,"ancient_elements:galactrium_sword":1,"born_in_chaos_v1:skullbreaker_hammer":5,"gamma_beasts:crasu_spawn_spawn_egg":4,"travelersbackpack:wolf":3,"the_pillager_legion_:legion_flaming_sword":20,"cfm:spruce_upgraded_fence":4,"minecraft:diamond_pickaxe":62,"minecraft:cherry_door":1,"farlanders:nightfall_sword":1,"minecraft:smooth_sandstone":2,"minecraft:bread":3,"mcdw:bow_winters_touch":12,"minecraft:jungle_log":7,"minecraft:netherite_axe":7,"iceandfire:dragon_skull_fire":2,"minecraft:cooked_porkchop":2,"heartstone:heartstone":6,"minecraft:cherry_log":11,"minecraft:soul_torch":30},"minecraft:crafted":{"travelersbackpack:wolf":2},"minecraft:killed":{"polly_pets:bull_terrier":4,"born_in_chaos_v1:restless_spirit":1,"born_in_chaos_v1:skeleton_demoman":1,"ancient_elements:aetherial_glaze":1,"minecraft:spider":2,"farlanders:fanmade_enderman":1,"alexsmobs:rattlesnake":2,"born_in_chaos_v1:maggot":1,"minecraft:skeleton":1,"knightquest:lizzy":2,"the_pillager_legion_:heavy_infantryman_tpl":3,"bloodandmadness:huntsman_axe":1,"the_pillager_legion_:infantryman_tpl":3,"farlanders:classic_enderman":1},"minecraft:mined":{"minecraft:red_carpet":2,"minecraft:spruce_planks":1,"minecraft:smooth_sandstone":7,"gravestone:gravestone":2,"minecraft:smooth_sandstone_slab":1,"minecraft:sandstone":6,"minecraft:sandstone_stairs":11,"minecraft:spawner":5,"ancient_elements:tin_ore":10,"runecraft_metals_of_gielinor:tin_ore":19,"minecraft:stone":1},"minecraft:picked_up":{"gamma_beasts:pear":45,"born_in_chaos_v1:corpse_maggot":3,"minecraft:wheat":9,"minecraft:ladder":2,"farmersdelight:rice":7,"projectvibrantjourneys:fallen_leaves":7,"farmersdelight:rice_panicle":70,"minecraft:red_mushroom":72,"minecraft:potato":24,"runecraft_metals_of_gielinor:raw_tin":19,"ring_of_teleport:ring_of_teleport":3,"minecraft:stripped_cherry_log":1,"minecraft:oak_log":1,"minecraft:gunpowder":2,"minecraft:cornflower":11,"farmersdelight:tomato":41,"minecraft:moss_carpet":2,"minecraft:smooth_sandstone":6,"minecraft:red_carpet":2,"minecraft:bone":3,"minecraft:apple":14,"minecraft:beetroot":2,"bloodandmadness:blood_vial":2,"minecraft:wheat_seeds":32,"farmersdelight:cabbage":122,"minecraft:iron_ingot":2,"minecraft:white_tulip":12,"iceandfire:myrmex_desert_resin":20,"minecraft:written_book":1,"minecraft:azalea":19,"minecraft:poppy":2,"minecraft:sugar_cane":92,"minecraft:flowering_azalea":8,"minecraft:egg":3,"minecraft:sandstone":6,"iceandfire:dragonbone":7,"minecraft:stick":23,"minecraft:stone":1,"minecraft:cooked_porkchop":4,"farmersdelight:rotten_tomato":1,"ecologics:prickly_pear":2,"projectvibrantjourneys:bark_mushroom":3,"minecraft:dandelion":15,"minecraft:acacia_log":1,"iceandfire:dragon_skull_fire":2,"minecraft:sand":8,"ancient_elements:raw_tin":20,"minecraft:carrot":192,"minecraft:spider_eye":1,"minecraft:smooth_sandstone_slab":1,"soul_like_armors_reworked:estusflask":4,"soul_like_armors_reworked:dark_knight_chestplate":1,"minecraft:honey_bottle":16,"minecraft:rotten_flesh":1,"farmersdelight:onion":214,"minecraft:hay_block":2,"minecraft:sandstone_stairs":11,"knightquest:small_essence":1,"bloodandmadness:sanguisteel_nugget":1,"minecraft:golden_apple":9,"projectvibrantjourneys:cattail":1,"minecraft:baked_potato":61,"supplementaries:ash":2,"projectvibrantjourneys:orange_bark_mushroom":3,"minecraft:cobblestone":1,"minecraft:ender_pearl":2},"minecraft:custom":{"minecraft:interact_with_smithing_table":5,"minecraft:mob_kills":25,"minecraft:interact_with_anvil":11,"minecraft:inspect_hopper":1,"minecraft:interact_with_cartography_table":1,"minecraft:open_barrel":57,"minecraft:damage_dealt_resisted":10,"minecraft:interact_with_grindstone":1,"minecraft:leave_game":6,"minecraft:time_since_death":582,"minecraft:climb_one_cm":22663,"minecraft:time_since_rest":697,"minecraft:damage_absorbed":918,"minecraft:damage_taken":885,"minecraft:sprint_one_cm":177784,"minecraft:walk_one_cm":1049016,"minecraft:drop":5,"minecraft:damage_dealt":2450,"minecraft:swim_one_cm":16180,"minecraft:fly_one_cm":1988516,"minecraft:open_chest":55,"minecraft:crouch_one_cm":13835,"minecraft:play_time":242645,"minecraft:deaths":2,"minecraft:sneak_time":3536,"minecraft:walk_under_water_one_cm":36970,"minecraft:jump":740,"minecraft:interact_with_blast_furnace":1,"minecraft:walk_on_water_one_cm":48772,"minecraft:total_world_time":297841,"minecraft:fall_one_cm":16885},"minecraft:dropped":{"minecraft:iron_ingot":1,"minecraft:stone":1,"gravestone:obituary":2,"minecraft:bone":1}},"DataVersion":3465}