{"stats":{"minecraft:killed_by":{"minecraft:player":1,"ancient_elements:aetherial_glaze":1},"minecraft:used":{"minecraft:spruce_slab":1,"minecraft:diamond_hoe":10,"minecraft:stone":112,"minecraft:nether_wart":20,"soul_like_armors_reworked:estusflask":7,"minecraft:torch":6,"minecraft:dirt":511,"gamma_beasts:crasu_spawn_spawn_egg":4,"minecraft:smooth_sandstone":2,"minecraft:jungle_log":7,"mcdw:bow_winters_touch":15,"minecraft:stone_bricks":1,"minecraft:cherry_log":11,"variantvanillablocks:acacia_barrel":1,"minecraft:water_bucket":43,"epicfight:skillbook":1,"minecraft:ender_pearl":2,"mcwdoors:birch_glass_door":2,"minecraft:sugar_cane":14,"minecraft:mossy_cobblestone":33,"minecraft:sand":69,"ancient_elements:galactrium_sword":1,"born_in_chaos_v1:skullbreaker_hammer":22,"travelersbackpack:wolf":3,"cfm:spruce_upgraded_fence":4,"the_pillager_legion_:legion_flaming_sword":67,"minecraft:diamond_pickaxe":76,"minecraft:cherry_door":1,"farlanders:nightfall_sword":1,"minecraft:bread":5,"minecraft:netherite_axe":7,"iceandfire:dragon_skull_fire":2,"minecraft:cooked_porkchop":2,"heartstone:heartstone":6,"minecraft:soul_torch":30},"minecraft:crafted":{"travelersbackpack:wolf":2},"minecraft:killed":{"polly_pets:bull_terrier":4,"born_in_chaos_v1:restless_spirit":2,"born_in_chaos_v1:zombie_lumberjack":1,"born_in_chaos_v1:skeleton_demoman":1,"the_pillager_legion_:gladuisman_tpl":5,"minecraft:spider":2,"farlanders:fanmade_enderman":1,"alexsmobs:rattlesnake":2,"born_in_chaos_v1:maggot":6,"minecraft:skeleton":2,"bloodandmadness:huntsman_axe":1,"farlanders:classic_enderman":1,"alexsmobs:guster":2,"farlanders:looter":1,"born_in_chaos_v1:baby_skeleton":1,"knightquest:ratman":1,"ancient_elements:aetherial_glaze":1,"born_in_chaos_v1:decrepit_skeleton":3,"the_pillager_legion_:veteran_infantryman_tpl":7,"minecraft:zombie":1,"knightquest:lizzy":2,"the_pillager_legion_:heavy_infantryman_tpl":6,"the_pillager_legion_:infantryman_tpl":3,"alexsmobs:jerboa":1},"minecraft:mined":{"the_pillager_legion_:legion_cut_sandstone":2,"minecraft:red_carpet":2,"minecraft:spruce_planks":1,"minecraft:brewing_stand":1,"gravestone:gravestone":2,"minecraft:nether_wart":20,"minecraft:sandstone":6,"minecraft:gilded_blackstone":2,"minecraft:sandstone_stairs":11,"minecraft:spawner":5,"minecraft:barrel":4,"ancient_elements:tin_ore":10,"minecraft:iron_bars":4,"minecraft:stone":1,"minecraft:smooth_sandstone":7,"minecraft:calcite":1,"minecraft:smooth_sandstone_slab":1,"runecraft_metals_of_gielinor:tin_ore":19,"minecraft:sand":7,"minecraft:dirt":1,"minecraft:polished_blackstone":3,"minecraft:stone_bricks":1},"minecraft:picked_up":{"minecraft:wheat":9,"minecraft:ladder":2,"minecraft:nether_wart":53,"farmersdelight:rice_panicle":70,"minecraft:stripped_cherry_log":1,"minecraft:brewing_stand":1,"minecraft:shield":1,"minecraft:cornflower":11,"soul_like_armors_reworked:rustysteel_chestplate":1,"minecraft:moss_carpet":2,"minecraft:beetroot":2,"bloodandmadness:blood_vial":2,"farmersdelight:cabbage":122,"minecraft:white_tulip":12,"iceandfire:myrmex_desert_resin":20,"minecraft:written_book":1,"minecraft:poppy":2,"minecraft:azalea":19,"minecraft:sugar_cane":92,"minecraft:egg":3,"the_pillager_legion_:legion_armor_helmet":1,"minecraft:stick":23,"minecraft:sandstone":6,"iceandfire:dragonbone":7,"minecraft:stone":1,"farmersdelight:rotten_tomato":1,"projectvibrantjourneys:bark_mushroom":3,"minecraft:acacia_log":1,"ancient_elements:raw_tin":20,"minecraft:carrot":192,"minecraft:smooth_sandstone_slab":1,"soul_like_armors_reworked:estusflask":8,"minecraft:honey_bottle":16,"minecraft:rotten_flesh":8,"farmersdelight:onion":214,"minecraft:hay_block":2,"minecraft:sandstone_stairs":11,"bloodandmadness:sanguisteel_nugget":1,"projectvibrantjourneys:cattail":1,"supplementaries:ash":7,"minecraft:iron_bars":3,"minecraft:cobblestone":1,"born_in_chaos_v1:corpse_maggot":4,"gamma_beasts:pear":45,"farmersdelight:rice":7,"projectvibrantjourneys:fallen_leaves":7,"minecraft:red_mushroom":72,"minecraft:potato":24,"ring_of_teleport:ring_of_teleport":3,"runecraft_metals_of_gielinor:raw_tin":19,"minecraft:oak_log":1,"minecraft:gunpowder":2,"farmersdelight:tomato":41,"minecraft:smooth_sandstone":6,"minecraft:red_carpet":2,"minecraft:bone":10,"minecraft:apple":14,"minecraft:stone_bricks":1,"minecraft:wheat_seeds":32,"minecraft:iron_ingot":3,"minecraft:flowering_azalea":8,"minecraft:cooked_porkchop":4,"ecologics:prickly_pear":2,"the_pillager_legion_:legion_cut_sandstone":2,"minecraft:dandelion":15,"iceandfire:dragon_skull_fire":2,"minecraft:sand":13,"soul_like_armors_reworked:dark_knight_leggings":1,"soul_like_armors_reworked:rustysteelmace":1,"minecraft:spider_eye":1,"soul_like_armors_reworked:dark_knight_chestplate":1,"knightquest:small_essence":1,"minecraft:golden_apple":9,"minecraft:baked_potato":61,"projectvibrantjourneys:orange_bark_mushroom":3,"soul_like_armors_reworked:rustysteel_leggings":1,"minecraft:ender_pearl":2},"minecraft:dropped":{"minecraft:iron_ingot":1,"gravestone:obituary":2,"minecraft:bone":1,"minecraft:stone":1},"minecraft:custom":{"minecraft:interact_with_smithing_table":5,"minecraft:interact_with_anvil":12,"minecraft:mob_kills":65,"minecraft:inspect_hopper":1,"minecraft:open_barrel":109,"minecraft:damage_dealt_resisted":10,"minecraft:leave_game":6,"minecraft:time_since_death":24582,"minecraft:climb_one_cm":22823,"minecraft:sprint_one_cm":303594,"minecraft:walk_one_cm":1266438,"minecraft:drop":5,"minecraft:play_time":266645,"minecraft:deaths":2,"minecraft:sneak_time":3717,"minecraft:walk_under_water_one_cm":37209,"minecraft:jump":1038,"minecraft:interact_with_blast_furnace":1,"minecraft:walk_on_water_one_cm":52322,"minecraft:total_world_time":321841,"minecraft:interact_with_cartography_table":1,"minecraft:interact_with_grindstone":1,"minecraft:time_since_rest":24697,"minecraft:damage_taken":1010,"minecraft:damage_absorbed":1717,"minecraft:damage_dealt":8063,"minecraft:swim_one_cm":24173,"minecraft:fly_one_cm":2204518,"minecraft:open_chest":67,"minecraft:crouch_one_cm":13854,"minecraft:fall_one_cm":22819}},"DataVersion":3465}