{"stats":{"minecraft:used":{"variantvanillablocks:acacia_barrel":1,"minecraft:water_bucket":43,"minecraft:spruce_slab":1,"minecraft:ender_pearl":1,"mcwdoors:birch_glass_door":2,"minecraft:stone":112,"minecraft:sugar_cane":14,"minecraft:mossy_cobblestone":33,"minecraft:dirt":511,"minecraft:sand":69,"ancient_elements:galactrium_sword":1,"gamma_beasts:crasu_spawn_spawn_egg":4,"travelersbackpack:wolf":2,"cfm:spruce_upgraded_fence":4,"minecraft:cherry_door":1,"farlanders:nightfall_sword":1,"minecraft:jungle_log":7,"minecraft:netherite_axe":7,"minecraft:cherry_log":11,"minecraft:soul_torch":30},"minecraft:crafted":{"travelersbackpack:wolf":2},"minecraft:killed":{"ancient_elements:aetherial_glaze":1,"minecraft:skeleton":1,"bloodandmadness:huntsman_axe":1,"farlanders:classic_enderman":1},"minecraft:picked_up":{"born_in_chaos_v1:corpse_maggot":2,"gamma_beasts:pear":45,"minecraft:wheat":2,"farmersdelight:rice":7,"projectvibrantjourneys:fallen_leaves":7,"farmersdelight:rice_panicle":70,"minecraft:red_mushroom":72,"minecraft:potato":3,"ring_of_teleport:ring_of_teleport":3,"minecraft:stripped_cherry_log":1,"minecraft:oak_log":1,"minecraft:cornflower":11,"farmersdelight:tomato":41,"minecraft:moss_carpet":2,"minecraft:bone":2,"minecraft:apple":14,"minecraft:beetroot":2,"bloodandmadness:blood_vial":2,"minecraft:wheat_seeds":10,"farmersdelight:cabbage":122,"minecraft:iron_ingot":2,"minecraft:white_tulip":12,"iceandfire:myrmex_desert_resin":20,"minecraft:written_book":1,"minecraft:azalea":19,"minecraft:poppy":2,"minecraft:sugar_cane":92,"minecraft:flowering_azalea":8,"minecraft:egg":3,"minecraft:stick":23,"minecraft:stone":1,"farmersdelight:rotten_tomato":1,"ecologics:prickly_pear":2,"projectvibrantjourneys:bark_mushroom":3,"minecraft:dandelion":15,"minecraft:acacia_log":1,"minecraft:carrot":192,"minecraft:honey_bottle":16,"minecraft:rotten_flesh":1,"farmersdelight:onion":214,"minecraft:hay_block":2,"bloodandmadness:sanguisteel_nugget":1,"minecraft:golden_apple":9,"projectvibrantjourneys:cattail":1,"minecraft:baked_potato":61,"supplementaries:ash":1,"projectvibrantjourneys:orange_bark_mushroom":3,"minecraft:ender_pearl":1},"minecraft:dropped":{"minecraft:iron_ingot":1,"minecraft:stone":1,"minecraft:bone":1},"minecraft:custom":{"minecraft:interact_with_smithing_table":5,"minecraft:mob_kills":4,"minecraft:open_barrel":45,"minecraft:leave_game":5,"minecraft:time_since_death":182877,"minecraft:climb_one_cm":6698,"minecraft:time_since_rest":182877,"minecraft:damage_taken":160,"minecraft:sprint_one_cm":94557,"minecraft:walk_one_cm":752592,"minecraft:drop":3,"minecraft:damage_dealt":657,"minecraft:fly_one_cm":1893553,"minecraft:open_chest":39,"minecraft:crouch_one_cm":13103,"minecraft:play_time":182877,"minecraft:sneak_time":2997,"minecraft:walk_under_water_one_cm":33444,"minecraft:jump":377,"minecraft:interact_with_blast_furnace":1,"minecraft:walk_on_water_one_cm":43687,"minecraft:total_world_time":238073,"minecraft:fall_one_cm":1636}},"DataVersion":3465}