{"stats":{"minecraft:killed_by":{"minecraft:player":1},"minecraft:used":{"variantvanillablocks:acacia_barrel":1,"epicfight:skillbook":1,"minecraft:water_bucket":43,"minecraft:spruce_slab":1,"minecraft:diamond_hoe":9,"minecraft:ender_pearl":1,"minecraft:stone":112,"mcwdoors:birch_glass_door":2,"minecraft:sugar_cane":14,"minecraft:mossy_cobblestone":33,"minecraft:sand":69,"minecraft:dirt":511,"ancient_elements:galactrium_sword":1,"born_in_chaos_v1:skullbreaker_hammer":4,"gamma_beasts:crasu_spawn_spawn_egg":4,"travelersbackpack:wolf":3,"the_pillager_legion_:legion_flaming_sword":18,"cfm:spruce_upgraded_fence":4,"minecraft:diamond_pickaxe":7,"minecraft:cherry_door":1,"farlanders:nightfall_sword":1,"minecraft:jungle_log":7,"minecraft:netherite_axe":7,"minecraft:cooked_porkchop":2,"heartstone:heartstone":6,"minecraft:cherry_log":11,"minecraft:soul_torch":30},"minecraft:crafted":{"travelersbackpack:wolf":2},"minecraft:killed":{"polly_pets:bull_terrier":3,"ancient_elements:aetherial_glaze":1,"alexsmobs:rattlesnake":1,"born_in_chaos_v1:maggot":1,"minecraft:skeleton":1,"knightquest:lizzy":2,"the_pillager_legion_:heavy_infantryman_tpl":3,"bloodandmadness:huntsman_axe":1,"the_pillager_legion_:infantryman_tpl":2,"farlanders:classic_enderman":1},"minecraft:mined":{"minecraft:red_carpet":2,"minecraft:spruce_planks":1,"gravestone:gravestone":1,"minecraft:spawner":5},"minecraft:picked_up":{"gamma_beasts:pear":45,"born_in_chaos_v1:corpse_maggot":3,"minecraft:wheat":9,"farmersdelight:rice":7,"projectvibrantjourneys:fallen_leaves":7,"farmersdelight:rice_panicle":70,"minecraft:red_mushroom":72,"minecraft:potato":24,"ring_of_teleport:ring_of_teleport":3,"minecraft:stripped_cherry_log":1,"minecraft:oak_log":1,"minecraft:cornflower":11,"farmersdelight:tomato":41,"minecraft:moss_carpet":2,"minecraft:red_carpet":2,"minecraft:bone":2,"minecraft:apple":14,"minecraft:beetroot":2,"bloodandmadness:blood_vial":2,"minecraft:wheat_seeds":10,"farmersdelight:cabbage":122,"minecraft:iron_ingot":2,"minecraft:white_tulip":12,"iceandfire:myrmex_desert_resin":20,"minecraft:written_book":1,"minecraft:azalea":19,"minecraft:poppy":2,"minecraft:sugar_cane":92,"minecraft:flowering_azalea":8,"minecraft:egg":3,"minecraft:stick":23,"minecraft:stone":1,"minecraft:cooked_porkchop":4,"farmersdelight:rotten_tomato":1,"ecologics:prickly_pear":2,"projectvibrantjourneys:bark_mushroom":3,"minecraft:dandelion":15,"minecraft:acacia_log":1,"minecraft:sand":7,"minecraft:carrot":192,"soul_like_armors_reworked:estusflask":2,"soul_like_armors_reworked:dark_knight_chestplate":1,"minecraft:honey_bottle":16,"minecraft:rotten_flesh":1,"farmersdelight:onion":214,"minecraft:hay_block":2,"bloodandmadness:sanguisteel_nugget":1,"minecraft:golden_apple":9,"projectvibrantjourneys:cattail":1,"minecraft:baked_potato":61,"supplementaries:ash":2,"projectvibrantjourneys:orange_bark_mushroom":3,"minecraft:ender_pearl":1},"minecraft:custom":{"minecraft:interact_with_smithing_table":5,"minecraft:mob_kills":17,"minecraft:interact_with_anvil":8,"minecraft:interact_with_cartography_table":1,"minecraft:open_barrel":45,"minecraft:leave_game":6,"minecraft:time_since_death":27219,"minecraft:climb_one_cm":15409,"minecraft:time_since_rest":28606,"minecraft:damage_absorbed":303,"minecraft:damage_taken":554,"minecraft:sprint_one_cm":110129,"minecraft:walk_one_cm":878197,"minecraft:drop":4,"minecraft:damage_dealt":2170,"minecraft:fly_one_cm":1942861,"minecraft:open_chest":46,"minecraft:crouch_one_cm":13187,"minecraft:play_time":218645,"minecraft:deaths":1,"minecraft:sneak_time":3093,"minecraft:walk_under_water_one_cm":33444,"minecraft:jump":510,"minecraft:interact_with_blast_furnace":1,"minecraft:walk_on_water_one_cm":44123,"minecraft:total_world_time":273841,"minecraft:fall_one_cm":4177},"minecraft:dropped":{"minecraft:iron_ingot":1,"minecraft:stone":1,"gravestone:obituary":1,"minecraft:bone":1}},"DataVersion":3465}